{
  "overall": {
    "precision": 0.8782839577810757,
    "recall": 0.8771233852100498,
    "f1": 0.8773778822299295,
    "num_samples": 29493.0
  },
  "class": {
    "BACKGROUND": {
      "precision": 0.6983742649602214,
      "recall": 0.7581674802853924,
      "f1": 0.7270435722002161,
      "num_samples": 2663.0
    },
    "CONCLUSIONS": {
      "precision": 0.8734368262181975,
      "recall": 0.9152733845458654,
      "f1": 0.8938658428949692,
      "num_samples": 4426.0
    },
    "METHODS": {
      "precision": 0.9247498468450072,
      "recall": 0.928827812532048,
      "f1": 0.9267843438219494,
      "num_samples": 9751.0
    },
    "OBJECTIVE": {
      "precision": 0.7111111111111111,
      "recall": 0.6731173748422381,
      "f1": 0.6915928247244434,
      "num_samples": 2377.0
    },
    "RESULTS": {
      "precision": 0.9215725806451613,
      "recall": 0.8896457765667575,
      "f1": 0.9053277876807289,
      "num_samples": 10276.0
    }
  }
}